[
    {
        "name": "Javascript The Definitive Guide",
        "author": "David Flanagan",
        "isbn": "904329504358",
        "year": "2017",
        "description": "Another beginner-friendly JavaScript book is the JavaScript: The Definitive Guide. Anyone interested in building powerful web applications must go through the comprehensive JS book. It explores several JS and web platform API features aimed at web application development.",
        "count": "15",
        "imageurl": "https://hackr.io/blog/wp-content/uploads/2019/04/JavaScript-The-Definitive-Guide-229x300.jpg"
    },
    {
        "name": "Learn JavaScript VISUALLY",
        "author": "Ivelin Demirov",
        "isbn": "904329504354",
        "year": "2012",
        "description": "For newbies wishing to quickly grasp the basics of JavaScript, Learn JavaScript VISUALLY the ideal book to go for. The book makes understanding the basic JS concepts easier by means of a visual approach, hence the name.",
        "count": "1",
        "imageurl": "https://hackr.io/blog/wp-content/uploads/2019/04/Learn-JavaScript-VISUALLY--238x300.png"
    },
    {
        "name": "JavaScript: The Good Parts",
        "author": "Douglas Crockford",
        "isbn": "904329504357",
        "year": "2017",
        "description": "The Good Parts, author Douglas Crockford focuses on the basics of some of the lesser known yet desirable aspects of JavaScript. It’s only recently that these hidden features are getting the appreciation they deserve from the programming community.",
        "count": "15",
        "imageurl": "https://hackr.io/blog/wp-content/uploads/2019/04/JavaScript-The-Good-Parts-300x295.jpg"
    },
    {
        "name": "Eloquent JavaScript: A Modern Introduction to Programming",
        "author": "Marjin Haverbeke",
        "isbn": "904329504356",
        "year": "2015",
        "description": "Probably the biggest standout of Eloquent JavaScript: A Modern Introduction to Programming is its heavy usage of practice exercises. Unlike other books on programming and JS, this book is a work of pure art.",
        "count": "3",
        "imageurl": "https://hackr.io/blog/wp-content/uploads/2019/04/Eloquent-JavaScript-218x300.jpg"
    },
    {
        "name": "JavaScript & JQuery: Interactive Front-End Web Development",
        "author": "Jon Duckett",
        "isbn": "904329504355",
        "year": "2016",
        "description": "Interested in learning JavaScript & jQuery side-by-side for getting started with web development? JavaScript and JQuery: Interactive Front-End Web Development is the top recommendation.",
        "count": "19",
        "imageurl": "https://hackr.io/blog/wp-content/uploads/2019/04/JavaScript-JQuery-270x300.png"
    },
    {
        "name": "Programming JavaScript Applications: Robust Web Architecture with Node, HTML5, and Moderns JS Libraries",
        "author": "Eric Elliott",
        "isbn": "904329504359",
        "year": "2017",
        "description": "Programming JavaScript Applications is an excellent book that offers a precise overview of the JavaScript app architecture. It covers basic concepts of functional programming, JS best practices, introduction to prototypes, and object composition",
        "count": "15",
        "imageurl": "https://hackr.io/blog/wp-content/uploads/2019/04/Programming-JavaScript-Applications-229x300.jpg"
    },
    {
        "name": "Effective JavaScript: 68 Specific Ways to Harness the Power of JavaScript",
        "author": "David Herman, Foreword by Brendan Eich",
        "isbn": "904329504353",
        "year": "2015",
        "description": "Anyone who has an ample understanding of the JS basics qualifies to gain the most out of Effective JavaScript: 68 Specific Ways to Harness the Power of JavaScript. The JavaScript book takes its readers on an in-depth tour of the high-level, interpreted programming language.",
        "count": "25",
        "imageurl": "https://hackr.io/blog/wp-content/uploads/2019/04/Effective-JavaScript-228x300.png"
    },
    {
        "name": "JavaScript for Kids: A Playful Introduction to Programming",
        "author": "Nick Morgan",
        "isbn": "904329504352",
        "year": "2017",
        "description": "The name of the book kind of puns on those that are new to the world of programming. JavaScript for Kids: A Playful Introduction to Programming offers a fanciful exploration of the various basic programming concepts.",
        "count": "15",
        "imageurl": "https://hackr.io/blog/wp-content/uploads/2019/04/JavaScript-for-Kids--227x300.png"
    }
]